BP_Code,Name,lat,lng
V000378,9 Koi Marketing Pte Ltd,1.3871788999999999,103.8272431
V000276,A*Star Research Entities,1.2996123,103.7875984
V000155,Accelerate Technologies Pte Ltd,1.2996123,103.7875984
V000712,Accucap MSC Sdn Bhd,3.1075064,101.6467674
V000003,ACE International Certification Pte Ltd,1.3310786000000001,103.7417689
V000364,Aceplas Pte Ltd,1.3586289,103.8335156
V000274,ACTC Translation Centre Pte Ltd,1.3374333,103.7573384
V000582,Adaptus Engineering Pte Ltd,1.3289412,103.8765411
V000250,Adcom Worldwide,1.352083,103.819836
V000154,Adecco,1.3062932,103.8318472
V000006,Adtech Innovation Services Pte Ltd,1.337059,103.89194
V000230,Advance Printing Pte Ltd,1.3218423,103.8759096
V000221,Advanet Pte Ltd,1.4423059999999999,103.8184676
V000091,Affinity Law LLC,1.2823508000000001,103.8510072
V000246,Afirmus Biosource Pte Ltd,1.312377,103.8629158
V000624,Aftershock PC Pte Ltd,1.3191737,103.8653791
V000002,"Agency for Science, Technology and Research",1.2996123,103.7875984
V000298,Agilent Technologies Singapore (Sales) Pte Ltd,1.4401573,103.841009
V000007,AIA Singapore Pte Ltd,1.3545336,103.9422526
V000353,AIG Asia Pacific Insurance Pte.Ltd,1.2731808,103.8453116
V000008,Aik Moh Paints & Chemicals Pte Ltd,1.3199178,103.6527556
V000009,AITbiotech Pte Ltd,1.3071888999999999,103.7572592
V000010,Align Technologies Pte Ltd,1.3344559,103.8858005
V000332,Allen & Gledhill LLP,1.2823499,103.8525199
V000211,Allts (Asia) Pte Ltd,1.3019921,103.8642024
V000610,Alniff Industries Pte Ltd,1.336451,103.908789
V000575,Altara Ventures Fund L.P.,1.298214,103.788538
V000552,Altus Performance Solutions Pte Ltd,1.284952,103.8317248
V000367,Amazin' Graze Pte Ltd,1.325063,103.8940159
V000483,American Express International Inc,1.2797474,103.8538191
V000530,Andaman Medical (Thailand) Ltd,13.7472914,100.540561
V000622,Andaman Medical (Thailand) Ltd,13.7472914,100.540561
V000464,Andaman Medical Bridge Sdn Bhd,5.423249,100.326416
V000561,Andaman Medical Philippines Corporation,40.463667,-3.74922
V000640,Andaman Medical Philippines Corporation,14.443933072891186,120.98031735849672
V000438,Andaman Medical Pte Ltd,1.3522658,103.9418353
V000656,Andivia Pte Ltd,1.3282031,103.7535752
V000382,Ann Tak Express Services (Pte) Ltd,1.2830702999999999,103.8436548
V000492,"Apex 9V, Inc",14.5881741,120.9778793
V000240,Apple South Asia Pte Ltd,1.3893791,103.8449946
V000290,Applied Biological Materials Inc,49.1871117,-123.0736882
V000337,Arch'Lab Pte Ltd,1.3020268,103.8524468
V000479,Arcstone Pte Ltd,1.2755949,103.7974972
V000206,Ark Bio Holding Pte Ltd - NT,1.2823441,103.8510283
V000248,Ark Bio Holding Pte Ltd - NT,1.2823513,103.8509502
V000265,Ark Bio Holding Pte Ltd - NT,1.352083,103.819836
V000644,Armand Dela Cruz ARREZA,14.7690037,120.3204873
V000012,Aroma Chemical Pte Ltd,1.2872162,103.6317073
V000515,Ar-Raudhah Medical Clinic & Surgery Pte Ltd,1.3587254,103.7510736
V000695,Arts Fuzion Pte Ltd,1.3584498,103.8336633
V000258,Asia Gmp Pte Ltd,1.3264794,103.8934616
V000001,Asia Pacific Medical Technology Association Ltd,1.290953,103.784589
V000152,"Association Of Biomedical Laboratory Professionals, Singapore",1.352083,103.819836
V000014,Astar Business Pte Ltd,1.3382477,103.7557994
V000682,ATA Medical Pte Ltd,1.2739669,103.8444453
V000461,Atlas Asia Law Corporation,1.2810987,103.8521397
V000564,Au Grande Enviro Pte Ltd,1.3766742,103.7504106
V000345,Audax Visuals Pte Ltd,1.3248267,103.8934715
V000016,Aun+Wei Design & Engineering Pte Ltd,1.377918,103.875414
V000323,Autopack Pte Ltd,1.3257982,103.8978969
V000013,Axil Scientific Pte Ltd,1.2887138999999999,103.7828177
V000017,Axxis Consulting (S) Pte Ltd,1.3272146,103.8979823
V000018,Bags and Pouches Pte Ltd,1.3363403,103.8840416
V000387,Barrington James Limited,1.2789679999999999,103.851237
V000687,BCD Meetings Events Switzerland AG,47.4144642,8.5504128
V000205,BD Krane Engrg Pte Ltd,1.328539,103.683413
V000652,Bedok Clinic & Surgery (Family Medical Centre),1.3201733,103.9360272
V000516,Bedok Medical Centre Pte. Ltd.,1.319993,103.9348223
V000398,"Beijing Jinwofu Bioengineering Technology Co., Ltd",39.833723,116.2832579
V000593,"Beijing Zizai Technology Co., Ltd",35.86166,104.195397
V000673,Benjamin Ng Boon Lui,1.3104501,103.8008198
V000260,Berlin BioMedical Pte Ltd,1.2760158,103.8459349
V000531,Best Med Private Ltd,1.4461798,103.834442
V000679,Besty Pte Ltd,1.332744,103.7078872
V000021,Beth Israel Deaconess Medical Center (Harvard),42.3400071,-71.105278
V000591,Bethesda Medical Centre Pte Ltd,1.2950300000000001,103.8583026
V000391,Bibi & Baba Pte Ltd,1.2808002,103.818439
V000506,Big 3 Media Pte Ltd,1.3319307999999999,103.853403
V000025,Bio Laboratories Pte Ltd,1.3272146,103.8979823
V000560,BioAcumen Global Pte Ltd,1.3232066,103.8766147
V000499,BioCentury Inc.,37.5433221,-122.2322323
V000024,Biofrontier Technology Pte Ltd,1.3385189,103.7559615
V000507,"BioIVT, LLC",40.7598855,-73.5544436
V000026,Bioplastics BV,50.9085488,6.0422086
V000027,Bioprocessing Technology Institute,1.3038241,103.7921134
V000160,Bio-Rad Laboratories (Singapore) Pte Ltd,1.3270947,103.7461224
V000357,Biotech Unicorn Investment Company Ltd,22.31185,114.1822758
V000029,Biotechrabbit GmbH,52.4298628,13.537714
V000301,BIS International Pte Ltd,1.336195,103.757222
V000691,Bizlink Centre Singapore Ltd,1.3304401,103.9173898
V000245,BMI Business Intelligence Pte Ltd,1.2840981999999999,103.8511501
V000358,BMJ Publishing Group Ltd,51.5072178,-0.12758619999999998
V000524,Boey At Holland V Pte Ltd,1.3111929,103.7955904
V000514,Bok Family Clinic Pte. Ltd.,1.3314046,103.9087348
V000616,Bold Ink Productions Pte Ltd,1.3327925999999999,103.9049583
V000620,Brew Interactive Pte. Ltd.,1.2922656,103.8508075
V000318,Bridges M&C Pte Ltd,1.352083,103.819836
V000383,BSI Group Singapore Pte Ltd,1.2777688999999999,103.8483915
V000572,BT Goh Family Clinic & Surgery,1.3309630000000001,103.8581751
V000536,Bulacan Medical Centre,12.879721,121.774017
V000451,C &C Scientific (S) Pte Ltd,1.4376928,103.8427667
V000462,C&R Interiors Pte Ltd,1.347404,103.8926909
V000508,Cake Avenue Pte Ltd,1.3412998,103.7724437
V000598,Calrose Medical Pte Ltd,1.4022717,103.8920634
V000031,Caltek Pte Ltd,1.3851545,103.8282377
V000032,Cambridge Healthtech Institute,42.2998794,-71.2210086
V000550,Campers' Corner Outdoor Outfitters Pte Ltd,1.3070789999999999,103.8474177
V000351,Canon Singapore Pte Ltd,1.2999207,103.7882673
V000459,Canvio Sdn Bhd,3.1225153,101.4605124
V000207,Capita Pte Ltd,1.2782298,103.8509732
V000529,CapitaLand Voucher Pte. Ltd.,1.2775522,103.8475172
V000680,Carnival Wiz Pte Ltd,1.3675314,103.8904558
V000713,Caterco Concepts Pte. Ltd.,1.332744,103.7078872
V000237,CCMD Pte Ltd,1.3017026999999999,103.8544208
V000578,Celine Low Jie Xiu,1.3640079,103.9630076
V000408,Cellbae Pte. Ltd.,1.3039764,103.7925538
V000605,Center for Advanced Reproductive Services,41.7068475,-72.8001611
V000033,Central Creation Group Pte Ltd,1.2990138,103.8499666
V000485,CERT Consultancy Group Pte Ltd,1.3584498,103.8336633
V000429,Chab Pte Ltd,1.2817661,103.821191
V000556,Chan Mei Yee,1.3190979999999999,103.8852646
V000577,Chan Thien My Translation & Consulting,10.8130957,106.6685061
V000513,Charlton Media Group Pte Ltd,1.2811803,103.8495012
V000311,Charter Solutons (S) Pte Ltd,1.3320391,103.8916709
V000267,Charterhouse Pte Ltd,1.2858682,103.8522896
V000289,Chem-Impex Int'l. Inc,41.9813003,-87.9664569
V000034,Chemoscience Pte Ltd,38.6785157,-121.7732971
V000023,Chemoscience Pte Ltd (Do not use),1.3367179999999999,103.75254
V000626,Cheng Clinic,1.3675155,103.8559096
V000520,Cheong Family Clinic Pte Ltd,1.3155499,103.8508082
V000166,Chilli Api Catering Pte Ltd,1.336137,103.946789
V000590,Chimera Flux (S) Pte Ltd,1.3267598999999999,103.8764749
V000035,Chokim Scientific (S) Pte Ltd,1.3364167999999998,103.755683
V000493,CHP Law LLC,1.282984,103.8505203
V000600,Chromatix Pty Ltd,-37.8249494,145.0813386
V000573,Chua Medico Clinic LLP,1.3728173,103.8557469
V000458,Chuangtouhui （Beijing）Management & Consultant Co. Ltd,35.86166,104.195397
V000036,Chubb Insurance Singapore Limited,1.2818046,103.8501135
V000163,Chubb Insurance Singapore Limited,1.2819014,103.8499385
V000255,Clara Song,1.2965124000000001,103.8568162
V000589,Clarivate Analytics (UK) Ltd,51.501441,-0.1042848
V000256,Cleanstat Pte Ltd,1.3717963,103.8477804
V000641,Clementi Family Healthpoint Clinic & Surgery,1.3210523,103.7668437
V000403,Clickr Media Pte. Ltd.,1.291073,103.8253783
V000473,Clifford Law LLP,1.2911845,103.8512167
V000051,Cobridge Co Ltd,35.6837559,139.7389774
V000234,Colour OK,1.3004038,103.8511253
V000604,Comfort Design Pte Ltd,1.3230369,103.8972404
V000500,Commissioning Agents International Singapore Pte Ltd,1.264218,103.820358
V000633,Compassage Design Pte Ltd,1.3407737,103.8578127
V000242,Conflo Marketing Pte Ltd,1.3264632,103.896365
V000349,Cornerstone International Group,1.283529,103.852003
V000668,Creme Maison Bakery,1.3343276,103.8897339
V000580,Crescendas Bionics Pte Ltd,1.3392461,103.8878472
V000165,CT Venture Pte Ltd,1.3080848,103.880837
V000455,D Squared Technology Pte Ltd,1.3152337,103.8779085
V000385,Daiohs Singapore Pte Ltd,1.2819475,103.8195886
V000711,Daito Asia Development (Malaysia) II Sdn Bhd,3.1352695,101.6862389
V000308,Dangerous Goods Management (Singapore) Pte Ltd,1.314198,103.73023
V000402,Daniel Peter Headon,-37.924436299999996,145.0092506
V000512,Datasite Singapore Pte. Ltd.,1.2827465,103.8530569
V000170,Definitive Communications,1.3532036,103.8356195
V000167,Deli Hub Catering Pte Ltd,1.332744,103.7078872
V000268,Deliveroo Singapore Pte Ltd,1.2773233,103.8437214
V000675,Dell Global B.V. (Singapore Branch),1.3297735,103.747142
V000346,Dentons Rodyk & Davidson LLP,1.2852183,103.8511746
V000592,DG Packaging Pte Ltd,1.3804581,103.9766755
V000168,DH RegSys Consulting Pte Ltd,1.3371117,103.7597177
V000040,DHL Express (Singapore) Pte Ltd,1.352083,103.819836
V000299,DHL Global Forwarding (Singapore) Pte Ltd,1.3315774,103.9649525
V000169,Digital Player Technology Co Ltd,23.69781,120.960515
V000405,Discovery Reports Group,22.2769455,114.1745433
V000041,DKSH Singapore Pte Ltd,1.2862312999999999,103.8280434
V000386,Donaldson and Burkinshaw LLP,1.2838275000000001,103.8522953
V000401,Dorothy Pang Syn-yen,1.352083,103.819836
V000331,Dots Technology & Trading,1.3439082,103.7533573
V000042,Dou Yee Enterprises (S) Pte Ltd,1.3373651,103.9165244
V000195,Double Confirm Inc Pte Ltd,1.3329241,103.8940057
V000659,Dr Wong Seng Weng,1.3044544,103.8360724
V000654,Dr. Holger Heyn,40.463667,-3.74922
V000043,Dropbox International Unlimited Company,53.3337421,-6.261739
V000426,DSV Air & Sea Singapore Pte Ltd,1.3517806,103.9726861
V000437,DSV Air & Sea Singapore Pte Ltd,1.3517806,103.9726861
V000597,DTAP Clinics Pte Ltd,1.3063434,103.8318606
V000635,Duane Morris & Selvam LLP,1.2842276,103.8525038
V000544,Duxton Medical Pte Ltd,1.277251,103.8431691
V000399,Dynamic Nexus Pte Ltd,1.278027,103.8479839
V000432,"Dynamic Pharma Co., Ltd.",11.5419576,104.9227334
V000692,Early Ascent Pte Ltd,1.3059064999999999,103.8314983
V000317,Eatz Catering Services Pte Ltd,1.3371321,103.9461808
V000277,EBC Connect Pte Ltd,1.2754207,103.8456133
V000044,EBD Gmbh,47.1813139,8.5190122
V000612,Ebenex Pte. Ltd.,1.2918775999999998,103.8500267
V000171,Ecreative Catering,1.4484699,103.809484
V000710,EDSA Shangri-La,14.5825685,120.9841667
V000335,Elc Group,1.352083,103.819836
V000377,ELC Group s.r.o.,51.165691,10.451526
V000045,Eleven Electrical Consultancy,1.346241,103.7456853
V000424,"Elite Communication Group, Inc",42.1407738,-87.8573592
V000621,Eloquent Enterprise Pte Ltd,1.278027,103.8479839
V000292,Elpro Pte Ltd,1.328382,103.752966
V000562,Elsevier BV,52.393269599999996,4.8374263
V000623,Emeritus Institute of Management Pte Ltd,1.273228,103.8448952
V000303,Enetiq Asia,1.2753049,103.8135023
V000607,Epiphanies Creatives,1.3273167,103.9245068
V000497,EPI-USE Singapore Pte Ltd,1.2870608,103.8470436
V000587,Eric A & Thoa Kim Finkelstein,1.308584,103.8384426
V000046,Esco Micro Pte Ltd,1.3380041,103.9711248
V000543,Etern Medical Group Pte Ltd,1.3915208,103.8760834
V000047,Exploit Technologies Pte Ltd,1.3033934999999999,103.79256
V000588,EY Corporate Advisors Pte. Ltd.,1.281142,103.851928
V000440,Fabupack Pte Ltd,1.3165889,103.8665885
V000393,Falco biosystems Ltd,35.0139917,135.7687229
V000519,Family Medicine Clinic @ Chinatown Pte Ltd,1.28535,103.845069
V000468,Farmwork Pte Ltd,1.298496,103.851496
V000343,FastColours LLP,53.5867612,-1.6281833
V000253,Favor International Pte Ltd,1.3318083,103.8970473
V000048,Federal Express (Singapore) Pte Ltd,1.3010685,103.8626788
V000049,Feinberg Hanson LLP,42.3488605,-71.0829719
V000431,Fischer Bell Private Ltd,1.311175,103.752811
V000504,Fisher Scientific Pte Ltd,1.4402935000000001,103.7833214
V000020,Fortune Talks Pte Ltd,1.280181,103.8414971
V000172,Fostre Catering,1.4629971,103.8142723
V000190,Freight Links Express Ptd Ltd,1.3106162000000001,103.7352522
V000484,From The Pan,1.4052145,103.8994913
V000052,FujiFilm Business Innovation Singapore Pte Ltd,1.2750523999999999,103.7989175
V000257,Fullerton Healthcare Group Pte Ltd,1.2795063,103.8489686
V000279,Futaba Houmu Gyouseishoshi Jimusho,1.352083,103.819836
V000596,FWD Singapore Pte Ltd,1.29475,103.860023
V000173,Gaia Science Pte Ltd,1.2760918,103.7954127
V000366,Gamut,1.2873156,103.8340344
V000447,Gastroenterological Society of Singapore,1.3301414999999999,103.7444497
V000537,GE Healthcare Pte Ltd,1.3055213,103.7919194
V000053,Geetha A and Associates,1.2802849,103.822894
V000239,Gelman Singapore Pte Ltd,1.4551799,103.79799
V000306,Gene Universal Inc,39.6870089,-75.6583533
V000055,Gene-Ethics (Asia) Private Limited,1.2909016,103.786505
V000056,Genomax Technologies Pte Ltd,1.313247,103.751637
V000648,GenScript Biotech (Singapore) Pte. Ltd.,1.3242426,103.8757455
V000057,GenScript USA Inc.,40.549033,-74.4851678
V000164,GeTS Asia Pte Ltd,1.288333,103.7822349
V000584,Gian Kristofer Kara Calayan,13.9348519,121.6123251
V000019,Giftmarket Pte Ltd,1.337751,103.8971834
V000174,Gin Young Enterprise Co Ltd,24.9181733,121.3690685
V000247,Gis Healthcare Couriers Pte Ltd,1.2863925,103.8040751
V000058,GL Events CCIB,41.409444,2.2192087
V000639,Glee Technologies Pte Ltd,1.3044917,103.7967223
V000295,Global Airfreight International Pte Ltd,1.3744182,103.9958061
V000557,Global Season Int'l Ltd,-4.679574,55.491977
V000223,Global Travel Pte Ltd,1.3515257,103.8621257
V000655,Globewerks International Pte Ltd,1.358606,103.833566
V000059,Goddady.Com,33.6172719,-111.9051268
V000217,Gold Wind Engineering (S) Pte Ltd,1.4378735,103.8067738
V000702,Golden Village Multiplex Pte Ltd,1.2954041,103.8596084
V000158,Gomet Engineering Pte Ltd,1.2974996,103.6322017
V000232,Gomet Engineering Pte Ltd,1.2974996,103.6322017
V000423,"Greater Than Creative & publishing CO.,Ltd.",24.9404619,121.3766941
V000707,"Greater Than Creative & publishing CO.,Ltd.",24.9404619,121.3766941
V000517,Greenlife Clinic & Surgery Pte Ltd,1.4487849,103.8197705
V000327,Greenlight Guru,39.7588172,-86.1582443
V000309,GriffSearch Consulting Pte Ltd,1.2953522,103.8584051
V000509,Grupp Marketing Pte Ltd,1.3346833999999999,103.900861
V000595,GS Medic Pte Ltd,1.2790671,103.8545336
V000563,GS1 Singapore Limited,1.2835701,103.8193837
V000658,Guro Pte Ltd,1.2966208,103.8549145
V000428,Gutcare Management,1.3222428,103.8443751
V000608,"Hangzhou Laihe Biotech Co., Ltd.",30.2083999,120.21201
V000609,"Hangzhou Laihe Biotech Co., Ltd.",30.2083999,120.21201
V000546,"Hangzhou MiWay Technology Co., Ltd.",35.86166,104.195397
V000636,"Hangzhou MiWay Technology Co., Ltd.",35.86166,104.195397
V000280,"Hangzhou MiYin Biotechnology Co., Ltd.",30.2655499,120.1536
V000285,"Hangzhou MiYin Biotechnology Co., Ltd.",30.2655499,120.1536
V000653,Hanson Wade Limited,51.4958141,-0.1457462
V000330,Hartmann Young Limited,53.7970385,-1.5470795
V000061,Harvard College,42.3600825,-71.0588801
V000649,Hashmeta Pte Ltd,1.3145988,103.8660195
V000213,HCS Scientific & Chemical Pte Ltd,1.3159493,103.7345152
V000278,Health Sciences Authority,1.352083,103.819836
V000525,Healthpoint Family Clinic & Surgery Pte Ltd,1.2930329999999999,103.8085171
V000645,Healthway Medical Group Pte Ltd,1.2783805,103.8491975
V000581,Hibex Singapore Pte Ltd,1.277172,103.7961749
V000304,Hidoc Pte Ltd,1.3416825000000001,103.8493198
V000062,Hilco Global Asia Pacific Pte Ltd,1.3044888000000001,103.7967184
V000651,Hilton Singapore Orchard,1.30219,103.836308
V000522,Ho Surgical Clinic Pte Ltd,1.3045415999999999,103.8352166
V000316,Hoshizaki Singapore Pte Ltd,1.3284584,103.7527987
V000305,HS Mircotech Pte Ltd,1.2761293999999999,103.8474403
V000657,H-Singapore Group Pte. Ltd.,1.3058458,103.8312426
V000294,Hunet Pte Ltd,1.3272865999999999,103.8906648
V000315,Huone Singapore Pte Ltd,1.352083,103.819836
V000553,Hyperion Consulting Pte Ltd,1.352083,103.819836
V000494,Hyster-Yale Lift Trucks Singapore Pte Ltd,1.3263500000000001,103.6370391
V000203,i2002 Logistics Pte Ltd,1.2802849,103.822894
V000063,i-DNA Biotechnology Pte Ltd,1.3132336,103.7514544
V000074,I-Health Medical Clinic,1.3194005,103.8640377
V000457,IIJ Global Solutions Singapore Pte. Ltd.,1.3246541,103.8944393
V000449,Inboundcycle SL,41.3930778,2.1446816
V000450,Incompleteness Theorem Sdn Bhd,3.0862317,101.5869116
V000435,Inecom Pte Ltd,1.3289412,103.8765411
V000444,Inecom Pte Ltd,1.3289277,103.8765252
V000064,Infinitus Law Corporation Advocates and Solicitors,1.2777688999999999,103.8483915
V000272,Influence Solutions Pte Ltd,1.2756998,103.8458098
V000617,Infodataplace LLC,34.0633443,-117.6508876
V000618,Infodataplace LLC,34.0633443,-117.6508876
V000263,Innocom Technologies Pte Ltd,1.337041,103.908463
V000067,Innovative Diagnostics Pte Ltd,1.2845656,103.8089925
V000442,Insights Philippines Legal Advisors,14.5479041,121.0513179
V000065,Integrated DNA Technologies Pte Ltd,1.3132336,103.7514544
V000082,Inter Continental Freight Pte Ltd,1.3382654999999999,103.758649
V000066,International Enterprise Singapore - AP,1.2996121999999999,103.8557241
V000542,International Medical Clinic - Camden,1.3033039,103.8239218
V000038,Iplan Private Limited,1.3152152,103.8668111
V000068,Isolab (S) Pte Ltd,1.324925,103.6763437
V000414,IT Core Solutions Sdn Bhd,3.1078083,101.4621528
V000445,IT Next Door Pte Ltd,1.3584498,103.8336633
V000069,ITS Science & Medical Pte Ltd,1.2803723,103.819912
V000665,Jaime Tan Cruz,14.585,121.0622222
V000490,JK Technology Pte Ltd,1.3367452,103.9112123
V000674,JL Medical (Bukit Batok) Pte Ltd,1.3627460999999998,103.7469576
V000070,Joaquim Florist & Gifts Pte Ltd,1.337751,103.8971834
V000071,JTC Corporation,1.331108,103.7418832
V000549,K.C.Dat Logistics Pte Ltd,1.3251208,103.6940778
V000072,Kaleidoskope,1.2933449,103.8603003
V000073,Kaneka Eurogentec S.A.,50.2044225,5.704226
V000371,Kashi Clinical Laboratories,45.4529232,-122.7245775
V000159,Kentaro Kume,35.7245548,139.7457635
V000454,Kerry Consulting Pte Ltd,1.2947503,103.8597341
V000336,Kickass Communicatons,1.352083,103.819836
V000474,Kim Leng Office Equipment Pte Ltd,1.3099619,103.8585331
V000373,Kingfisher Recruitment (Singapore) Pte Ltd,1.2826882,103.849836
V000084,Klareco Communications Pte Ltd,1.2824439,103.8490256
V000275,Klareco Communications Pte Ltd,1.2824439,103.8490256
V000384,Knowles Training Institute Private Limited,1.2955249,103.8584952
V000176,Korn Ferry,25.1242902,121.525904
V000453,Korn Ferry RPOPS (SG) Pte. Ltd.,1.293309,103.860354
V000412,Korvis Automation Asia Pte Ltd,1.4547197,103.809966
V000463,KOSO Ad Pte Ltd,1.4286225,103.7954546
V000177,KPMG,1.2814095,103.8510185
V000498,KPMG LLP,1.2814095,103.8510185
V000379,KPMG Services Pte Ltd,1.2814095,103.8510185
V000368,Krislup Limited,18.43563,64.61027
V000467,Krislup Limited,18.43563,64.61027
V000420,"Kua Puay Fen, Louisa",1.4333255999999999,103.7764856
V000220,Kumpulan Development (S) Pte Ltd,1.3377403,103.8950963
V000501,KY Project Management Services,1.358606,103.833566
V000534,L & L Design Services,1.3116896,103.8624664
V000625,Labrador Hill Pte Ltd,1.2679434,103.8004802
V000528,Lamipak Environment Pte Ltd,1.3227672,103.851969
V000212,Lantone,1.3272146,103.8979823
V000238,Learners Hub Pte Ltd,1.3363565,103.8859108
V000060,Lee Hung Scientific Pte Ltd,1.340546,103.7558942
V000643,Leow Jianxion Darren Gabriel,1.3026295,103.9120706
V000075,LGC Genomics Ltd,51.7616966,0.0027737
V000076,LGC Genomics Ltd,51.7616966,0.0027737
V000698,Liberte HR Services Pte Ltd,1.278027,103.8479839
V000077,Liew Secretarial Services,1.300401,103.8523563
V000554,Life Science Unicorns Consultancy Limited,22.31185,114.1822758
V000078,Life Technologies Corporation,43.0080745,-79.0095847
V000079,Life Technologies Holdings Pte Ltd,1.4402935000000001,103.7833214
V000236,Life Technologies Holdings Pte Ltd,1.4396879999999999,103.7822918
V000518,Lifeline Neighbourhood Medical Clinic Pte. Ltd.,1.3481291,103.7571273
V000406,Lim Lee Meng,1.352083,103.819836
V000407,Lim Tai San Noah,1.352083,103.819836
V000551,Lingua Technologies International Pte Ltd,1.3082788,103.8579557
V000319,Linkedin Singapore Pte Ltd,1.352083,103.819836
V000567,"Links HR (Thailand) Co.,Ltd",13.7295663,100.5712674
V000614,Links HR Australia Pty Ltd,-33.8382841,151.2086505
V000446,Links HR Malaysia Sdn Bhd,3.1280629,101.6791614
V000637,Luis Rodolfo Leiva Delgado,8.537981,-80.782127
V000204,Lumica (Asia) Pte Ltd,1.3361594,103.7572027
V000709,Maharaj Nakorn Chiang Mai Hospital,18.7930839,98.9876263
V000671,Malaysian Society of Gastroenterology and Hepatology,3.0586745,101.6917068
V000427,Mandarin Oriental Singapore,1.2908184999999999,103.8582972
V000686,Mango Entertainment Pte Ltd,1.3007889,103.8383538
V000178,Mapped Pte Ltd,1.274935,103.845312
V000080,Marchall Cavendish Business Information,1.3421918,103.8847664
V000081,Mariteam Technology Pte Ltd,1.3105119,103.751873
V000705,"Maxsysmedia Co.,Ltd.",13.6330132,100.6172958
V000039,Mayfair Medical Clinic,1.4350614,103.775972
V000545,Mdm Ling Bakery Private Limited,1.3762866,103.8653773
V000684,MDPI AG,47.5521749,7.603134
V000083,MDSS (Medical Device Safety Service),52.37521,9.74951
V000586,MED247 Pte. Ltd.,1.311461,103.863627
V000706,Mediacorp Pte Ltd,1.2955548000000001,103.7922416
V000602,Mediline Clinics Pte Ltd (Mediline Wei Min Clinic),1.3652387,103.8660795
V000054,MediqTrans Pte Ltd,1.3111166,103.8614368
V000693,Mendoza Querido and Co,14.5587959,121.0197575
V000030,MeowPrint,1.3275502,103.7533882
V000271,Merck Pte Ltd,1.352083,103.819836
V000085,Meridian Bioscience Asia Pte Ltd,1.2892176,103.7809673
V000231,Mewburn Ellis,51.5170885,-0.0912682
V000179,MFA LLP,42.6438298,-71.2346133
V000694,MGI Tech Singapore Pte Ltd,1.3018822,103.7923759
V000419,Michael Page International Pte Ltd,1.2840981999999999,103.8511501
V000663,Michael Song Gin Chai,3.0107057,101.6235156
V000087,Microsoft MSFT (SGD),1.277416,103.7994388
V000347,"Mirui (Hangzhou) Biology Science Co.,Ltd",1.352083,103.819836
V000374,"Mirui (Hangzhou) Biology Science Co.,Ltd",1.352083,103.819836
V000180,Mirxes Lab Pte Ltd,1.3045201,103.7916515
V000229,Mirxes Lab Pte Ltd,1.352083,103.819836
V000395,Mirxes Lab Pte Ltd,1.352083,103.819836
V000269,Mirxes Lab Pte Ltd - NT,1.3045201,103.7916515
V000086,Miscrosoft Corporation (MSFT),1.277416,103.7994388
V000326,ML Photography,1.3278409,103.8793754
V000548,MNX Global Logistics (Singapore) Pte Ltd,1.3333217,103.9677889
V000475,Mojo Space Pte Ltd,1.4378735,103.8067738
V000613,"Mok, Tony Shu Kam",1.352083,103.819836
V000090,Momory World (S) Pte Ltd,1.3030433,103.8529208
V000558,Monitorbio Pte. Ltd.,1.3371117,103.7597177
V000181,Monolythix Inc,34.1998058,-119.0094848
V000089,Moonbeam Design & Print,1.369402,103.8960478
V000182,Motion Printers & Publications Pte Ltd,1.329173,103.897072
V000460,MP Singapore Pte Ltd,1.3096363,103.8650892
V000354,Mum' Kitchen Catering Pte Ltd,1.336137,103.946789
V000093,My Republic Ltd,1.3369142,103.8486187
V000340,NAMSA,44.9763761,-93.4017027
V000284,Nanyang Technological University,1.3473583,103.6810688
V000094,National University Hospital,1.2946909,103.7832309
V000700,National University Hospital (Singapore) Pte Ltd,1.2946909,103.7832309
V000096,National University Of Singapore,1.2971365,103.7775268
V000430,National University of Singapore - Yong Loo Lin School of Medicine,1.2922126999999999,103.7835464
V000288,Neferti Pte Ltd,1.337623,103.8837244
V000369,nerbe plus Gmbh & CO. KG,53.3362904,10.2271898
V000095,New Splendour Lighting,1.352083,103.819836
V000570,New Town Clinic Pte Ltd,1.3240191000000001,103.9407483
V000417,New Wave Display,1.3349612,103.9435588
V000677,New World Hoiana Hotel & Residences Vietnam,21.1162257,105.495325
V000293,Nigu Chemie GmbH,48.20693,12.4089578
V000381,Northeast Health International Pte Ltd,1.3195353,103.8651872
V000183,Northeast Medical Group,1.3756606,103.8477779
V000261,Northrock Safety Equipment Pte Ltd,1.307798,103.8608749
V000184,Novogeneait Genomics Singapoore Pte Ltd,1.3072727,103.7573384
V000214,NTUC LearningHub Pte Ltd,1.2967568,103.85143
V000441,Numeric Diagnostics (M) Sdn Bhd,1.559575,103.7823107
V000689,Nuo.Material Pte. Ltd.,1.3246133,103.8939553
V000097,Octogram Press Pte Ltd,1.2974996,103.6322017
V000555,Olive Vista Capital Ltd,1.352083,103.819836
V000098,One Champion Pte Ltd,1.3362412,103.8821841
V000465,One Touch Systems Pte Ltd,1.3264874,103.8933935
V000481,Orange Clove Catering Pte Ltd,1.3330524,103.9018151
V000320,Orchid Hotel Pte Ltd,1.352083,103.819836
V000099,Origin Exterminators Pte Ltd,1.3494771,103.8414653
V000448,Orissa International Pte Ltd,1.283395,103.8143292
V000175,Oue Downtown F&B Pte Ltd,1.2771468,103.8485274
V000583,Oxford Global Marketing Ltd,51.7527629,-1.291402
V000100,Pacific Arena Pte Ltd,1.2732495,103.8419431
V000574,Page Personnel Recruitment Pte. Ltd.,1.284479,103.851082
V000296,Panda Logistics Pte Ltd,1.2806145,103.8238238
V000339,Panion & BF Biotech Inc,25.0584861,121.6118825
V000696,Pantai Premier Pathology Sdn Bhd,3.1277424,101.7520863
V000477,Paradigm Advisors Holdings (Hong Kong) Limited,22.2800925,114.1569893
V000594,Paradise (Pte) Ltd,1.333427,103.8942808
V000202,Parfait Concept,1.2790979,103.8447154
V000101,Parisik Elecronics & Computer Pte Ltd,1.3103457,103.7950772
V000185,Park Avenue Rochester,1.3050635,103.7885633
V000480,Partymojo Pte Ltd,1.3348385,103.7468606
V000037,PeopleKey Consulting Pte Ltd,1.2956671,103.8590132
V000716,Per-Dem Hay Marketing Solutions Inc,14.586044,121.058239
V000496,PersolKelly Singapore Pte Ltd,1.2782298,103.8509732
V000634,Peter Condron,1.352083,103.819836
V000235,Pfizer Ltd,51.294617,1.3464474
V000102,Pharmanets LLC,40.3135586,-74.652927
V000103,Philip Liew & Co,1.300401,103.8523563
V000681,Philippine Society of Medical Oncology,14.6239437,121.0312308
V000104,Pico Art International Pte Ltd,1.3096363,103.8650892
V000704,Pico Art International Pte Ltd,1.3096363,103.8650892
V000388,Pinsent Masons MPillay LLP,1.2787137,103.8473369
V000314,"PitchBook Data, Inc.",1.352083,103.819836
V000105,PLC Tax Services Pte Ltd,1.3005022,103.8522215
V000107,PPE Distribution (S) Pte Ltd,1.3399559,103.9418321
V000108,Practical Mediscience Pte Ltd,1.3048136,103.7980353
V000342,Practical Systems & Supplies Pte Ltd,1.3375285,103.7547136
V000425,Prapasri Kaewkitiroj,13.7873313,100.5326218
V000488,Proassuran Sdn Bhd,3.1656857,101.6519562
V000471,Prof Chng Wee Joo,1.352083,103.819836
V000469,Prof Frank Slack,1.352083,103.819836
V000470,Prof Lam Kong Peng,1.352083,103.819836
V000487,Proinsure Sdn Bhd,3.1656857,101.6519562
V000109,Promega Pte Ltd,1.2893565,103.7913681
V000233,Pt Classe Engineering,1.4427214,103.8350816
V000439,PT. Andaman Medical Indonesia,-6.2513892,106.8799765
V000569,PT. Andaman Medical Indonesia,-6.2502697,106.8775612
V000611,Pulmonary Vascular Research Institute,51.2757744,1.0856900999999999
V000495,Pulseactiv Pte Ltd,1.313601,103.8680923
V000110,Qiagen Gmbh,51.1711897,6.9841678
V000111,Qiagen Singapore Pte Ltd,1.3053645999999999,103.7976278
V000266,QQ Travel Ptd Ltd,1.352083,103.819836
V000333,Quahe Woo & Palmer LLC,1.352083,103.819836
V000547,Quantum Automation Pte Ltd,1.4590063,103.7967223
V000328,Quantum Safety Network Pte Ltd,1.3432155,103.8502325
V000338,Quantum Safety Network Pte Ltd,1.3432155,103.8502325
V000112,Quest Laboratories Pte Ltd,1.3241372999999999,103.8929176
V000113,Quickbook Online,1.352083,103.819836
V000666,Qumata Asiapac Pte Ltd,1.2771468,103.8485274
V000672,Rabiah Balqis Binti Gopal Abdullah,3.2824176,101.5287826
V000603,Raffles Health Insurance Pte Ltd,1.3011894,103.8572771
V000421,Raffles Translation Services,1.3397443,103.7067297
V000186,Raffles Translation Singapore,1.3390753,103.7052502
V000708,Rainbow Instruments Pte Ltd,1.333427,103.8942808
V000660,Rajah & Tann Singapore LLP,1.2771572,103.8523745
V000325,Randstad Pte Limited,1.352083,103.819836
V000359,Recruit Express Pte Ltd,1.3026716,103.8343967
V000114,Redhill Communication Pte Ltd,1.2883831,103.8492294
V000115,Redmart Limited,1.3129637,103.721224
V000313,Reprocell USA Inc,39.0633864,-76.8931769
V000411,Republic Polytechnic,1.285184,103.8488954
V000116,Research Instruments Pte Ltd,1.2931272,103.7882108
V000559,Research Nester Private Limited,28.6261825,77.37251
V000503,Restaurant Salt (The S Collective Pte Ltd),1.2859958,103.8495804
V000218,Rhenus Logistics Pte Ltd,1.3371857999999999,103.9656142
V000568,RHTLaw Asia,1.3179654,103.9239148
V000670,Ricardo D. Bering,14.6911287,121.1011439
V000117,Rico Engineering Works Pte Ltd,1.3979608,103.8732874
V000486,Ricon Pte Ltd,1.3242314,103.6571739
V000685,Ridge Consultancy Pte Ltd,1.3059064999999999,103.8314983
V000254,Robertson Chambers LLC,1.2919025,103.8400045
V000118,Roche Diagnostics Asia Pacific Pte Ltd.,1.3107767,103.8638157
V000413,Rodex Movers & Trading Pte Ltd,1.3771734,103.864109
V000259,Royal Selangor(S) Pte Ltd,1.3385661,103.8851742
V000601,RS Components Pte Ltd,1.2792383,103.8488044
V000251,Rsm Chio Lim LLP,1.3022928,103.8497956
V000106,RSM Tax Pte Ltd,1.3021053999999999,103.8495515
V000456,Rugged Asia Pte Ltd,1.311283,103.8652738
V000329,S.F Express (Singapore) Pte Ltd,1.3305163,103.9642407
V000119,S.P.I.D. Design,1.2873156,103.8340344
V000121,Sage Clinical Services Pte Ltd,1.3594884999999999,103.833788
V000350,Sage Clinical Services Pte Ltd,1.3594884999999999,103.833788
V000416,Sanjay,1.352083,103.819836
V000352,Sankaran Karthikeyan Advocate & Solicitor,1.2756998,103.8458098
V000375,Sante Global LLP,51.4141982,-0.752517
V000661,"Santos Knight Frank, INC.",14.5565232,121.022311
V000120,Sartorius Singapore Pte Ltd,1.2884794,103.779528
V000015,SATA Commhealth,1.3279741,103.9211413
V000122,Sciencewerke Pte Ltd,1.2760918,103.7954127
V000341,Scientific Resources Pte Ltd,1.336195,103.757222
V000370,SciLeads Ltd,54.6003157,-5.9275731
V000123,Scimed (Asia) Pte Ltd,1.3110028,103.7527027
V000310,Secretlab SG Pte Ltd,1.3196141,103.8650163
V000124,Seraya Energy Pte Ltd,1.2647934,103.8192617
V000394,ServLink Technology Resources Pte Ltd,1.2805136,103.8208177
V000187,Seventh Sense Biosystems Inc,42.4157199,-71.1266771
V000125,SG Analytics,18.4823037,73.9033961
V000631,SGS Certification Services Singapore Pte Ltd,1.3290445,103.7504612
V000215,Shalom Transport Services Pte Ltd,1.337751,103.8971834
V000188,Shanghai ChunGu Bio-Medical,31.18014,121.4252
V000355,"Shanghai Hansen Global Supply Co.,Ltd",24.96389,102.78389
V000287,"Shanghai SKILT Machinery Equipment Co.,Ltd",34.430023,109.705502
V000629,"Shenzhen Haoshengyu Medical Equipment Co., Ltd.",22.775717,113.820602
V000264,Shred-it Singapore Pte Ltd,1.3257982,103.8978969
V000189,Shutterstock,1.352083,103.819836
V000312,Siemens Pte Ltd,1.3276344,103.870631
V000161,SiewLi Consultancy Network Pte Ltd,1.280181,103.8414971
V000126,Sigma-Aldrich Pte Ltd,1.352083,103.819836
V000241,Sign Place Singapore Pte Ltd,1.3367337,103.9107462
V000307,Singa Plastics Limited,1.3317252,103.7179644
V000127,Singapore Business Federation,1.2780471,103.8479984
V000128,Singapore Computer Guys Pte Ltd,1.2882928,103.8114418
V000397,Singapore First Aid Training Centre Pte Ltd,1.2792053,103.8405132
V000535,Singapore Management University,1.2968307000000001,103.8521961
V000129,Singapore Manufacturing Federation,1.2835701,103.8193837
V000579,Singapore Marriott Tang Plaza Hotel,1.3048849,103.83266449999999
V000632,Singapore Medical Association,1.2835701,103.8193837
V000566,"Singapore Medical Laboratories, Inc.",14.5574658,121.0172487
V000669,Singapore Precision Engineering and Technology Association,1.3778796,103.8562274
V000396,Singapore Press Holdings Limited,1.3343034999999999,103.8563265
V000191,Singlab Technologies Pte Ltd,1.2836718,103.8161929
V000297,Singtel,1.352083,103.819836
V000192,SKF Enterprise,1.405858,103.759315
V000322,Skillsforce Management Concultancy Pte Ltd,1.3184358,103.8927403
V000162,Smart & Biggar,45.4221984,-75.6959922
V000130,SMF Centre for Corporate Learning,1.2835701,103.8193837
V000348,SMI Centre of Excellence Asia,1.3081745,103.8379745
V000422,Soh Printer,1.3230463000000001,103.8945999
V000697,South East Asian Thoracic Society (SEATS),1.318903,103.894049
V000131,SP Services Ltd,1.352083,103.819836
V000193,SPD Scientific Pte Ltd,1.311175,103.752811
V000225,Speedy Gonzales Logistic Services,1.306203,103.8319184
V000194,Spot On Sciences,30.3512954,-97.7094409
V000541,Spring Nature Customer Service Centre GmbH,49.423947,8.6569417
V000576,Spring Professional (Singapore) Pte Ltd,1.3062932,103.8318472
V000476,Spring Publishing Pte Ltd,1.3361591,103.8874403
V000363,Spruson & Ferguson (Asia) Pte Ltd,1.2989312,103.8594005
V000380,SQI International Pte Ltd,1.3012709,103.84943319999999
V000527,St Georges Clinic and Surgery Pte Ltd,1.3228459,103.8609747
V000650,ST Regis Hotel Bangkok (Rajdamri Holding Limited),13.73945,100.53944
V000156,Stamford Catering Services Pte Ltd,1.4566932,103.8026423
V000376,Stanley Cheong Kok Yew,1.352083,103.819836
V000132,Star Furniture Pte Ltd,1.4086374,103.746927
V000678,SThree Pte Ltd,1.2841089,103.852015
V000662,Strategic Alliance Advisory Pte. Ltd.,1.3640321,103.9705133
V000489,Strategic Alliance Events & Communications Pte Ltd,1.3553163,103.9418968
V000606,Stratgeist Pte Ltd,1.332964,103.890505
V000133,Stream Peak International Pte Ltd,1.3048755,103.6288102
V000134,Stuart Ong & Associates LLC,1.2823054,103.8509506
V000011,STUCK Design Pte Ltd,1.3297821,103.8766723
V000226,Sunlight Paper Products Pte Ltd,1.2953733,103.6261876
V000688,Superstructure SG Pte Ltd,1.4054600000000002,103.7555279
V000482,SWS Apparels Printing,1.3265456,103.8755699
V000415,"Synergy Sourcing and Development Group, Inc.",14.604372099999999,120.9750919
V000436,T9 Global Forwarding Pte Ltd,1.308581,103.673398
V000443,T9 Logistics Management Pte Ltd,1.308581,103.673398
V000344,Takahiro Ochiya,1.352083,103.819836
V000703,Takahiro Ochiya,36.204824,138.252924
V000028,Talent Spot Group Pte Ltd,1.2911534,103.8576778
V000472,Talentvis Singapore Pte Ltd,1.3007002,103.8394225
V000585,Tan & Yik Clinic & Surgery,1.347648,103.8494606
V000638,Tan Lay Keng & Co,1.2923407,103.8508826
V000196,Tan Leng Kim (Cleaner),1.352083,103.819836
V000505,Tan Song Kwang,1.352083,103.819836
V000244,Tan Tock Seng Hospital Pte Ltd,1.3210806,103.8456848
V000683,Tang Wai Kin Julian,1.3385124,103.8688598
V000699,Tatsuro Murano,35.9010454,139.9409039
V000404,Tawee Sayamipuk,13.6605325,100.6298171
V000646,Tay Yu Zhen,1.3742952,103.8726702
V000433,T-Breakz LLP,1.3713834,103.9476686
V000197,TechSource Systems Pte Ltd,1.3264632,103.896365
V000283,Ted Traum Institute,1.3322382,103.8907615
V000135,Tee Hai Chem Pte Ltd,1.352083,103.819836
V000273,Temp-Frost Pte Ltd,1.3274808,103.873511
V000434,Tertiary Infotech Pte Ltd,1.386341,103.742505
V000667,Thai Society of Clinical Oncology,13.7467408,100.5850868
V000540,"Thanunwat Co., Ltd",13.676298,100.6182533
V000664,Thanyanan Baisamut,15.870032,100.992541
V000571,The Bishan Family Doctors,1.358915,103.844828
V000136,The Cellar Door,1.463076,103.81437
V000532,The College of Law,-33.8696612,151.2097073
V000539,The Commercial Press (H.K.) Ltd,22.2788093,114.2256461
V000392,The Edge Publishing Pte Ltd,1.3130785,103.860129
V000418,The Famous Amos Chocolate Chip Cookie (S) Pte Ltd,1.3272146,103.8979823
V000502,The Fish Sh-nack,1.2756998,103.8458098
V000628,The Fun Events Pte Ltd,1.3088600000000001,103.8773367
V000676,The Giftz Planner,1.3272617,103.8962753
V000701,The Malaysian Oncological Society,1.352083,103.819836
V000627,The Medical Suite Pte Ltd,1.3416825000000001,103.8493198
V000262,The Pack Protein & Salad Bar Pte Ltd,1.3096813,103.8643015
V000219,The Roadmaster Courier,1.3101107,103.8622198
V000642,The SR Group (Singapore) Pte Ltd.,1.2832446,103.8496597
V000523,The Surgeons Pte Ltd,1.3055812,103.8354779
V000630,The Tenteram Clinic Pte Ltd,1.3278032,103.8609358
V000050,Thermo Fisher Scientific Pte Ltd,1.4402935000000001,103.7833214
V000243,Thomas & Green Pte Ltd,1.3426632,103.7566503
V000714,Thoughts and Notions Inc,14.5759647,121.0387504
V000137,TLC Scientific Solutions Pte Ltd,1.3105119,103.751873
V000300,TNT Express Worldwide (Singapore) Pte Ltd,1.3334407,103.9529495
V000362,Top Parking Pte Ltd,1.3288259,103.8904489
V000356,T-Pride Pte Ltd,1.352083,103.819836
V000138,Trade 21 Pte Ltd,1.2841418,103.8247844
V000216,Transfingo Pte Ltd,1.311461,103.863627
V000360,Trident Trust Company (Singapore) Pte Ltd,1.2796368999999999,103.8490568
V000526,Trinity Healthcare Group Pte Ltd,1.3351188999999999,103.7393198
V000139,Tritech Scientific Pte Ltd,1.3369406,103.7546187
V000157,Tri-Wall (Asia) Pte Ltd,1.3364167999999998,103.755683
V000227,TTSH Molecular Diagnostic Laboratory,1.3214119,103.8461259
V000452,Tuck Mei Printing Pte Ltd,1.328777,103.890566
V000140,TUV Rheinland Singapore Pte Ltd,1.3245718,103.7464939
V000252,Tuv Sud Psb Pte Ltd,1.2918308,103.785582
V000302,Twist Bioscience,37.6591481,-122.3989203
V000410,TYT Corporation Pte Ltd,1.2999157000000001,103.6254641
V000400,U-Freight Singapore Pte Ltd,1.3319326999999999,103.9630756
V000141,Ultra Supplies,1.2875231,103.8031063
V000004,Unboxxing (Private Limited),1.2953522,103.8584051
V000198,Union Label Industries Pte Ltd,1.3349612,103.9435588
V000142,United Parcel Services (S) Pte Ltd,1.3814962,104.0010972
V000565,University of Santo Tomas,14.6059576,120.9884468
V000199,Uparcel,1.338698,103.9066958
V000365,US Food and Drug Administration,40.7083645,-74.0086535
V000491,UTOC (Singapore) Pte Ltd,1.3421371,103.7544416
V000372,Utopia-Aire Pte Ltd,1.3340687,103.9044449
V000282,va-Q-tec SG Pte Ltd,1.328695,103.9663395
V000224,Venturecraft Holdings Pte Ltd - NT,1.2823513,103.8509502
V000143,Venturecraft Two Pte Ltd,1.2823513,103.8509502
V000153,Vital-Care Clinic and Surgery Pte Ltd,1.3726539,103.8540079
V000144,Vitesse Consultancy Services Pte Ltd,1.3281124,103.8655246
V000286,VMOM Pte Ltd,1.3295826,103.8921797
V000092,Volt Service Corporation Pte Ltd,1.2947503,103.8597341
V000145,VPN.AC,45.7766386,24.1428904
V000146,VWR Singapore Pte Ltd,1.3180322,103.6716006
V000409,W Solutions Pte Ltd,1.3328242,103.8903926
V000321,Wanda Henry Co.,39.2495491,-76.7784199
V000147,Wanin Industries Pte Ltd,1.4660193,103.8026988
V000361,West Point Transit Pte Ltd,1.3199692,103.6468537
V000209,Wework,42.3658086,-71.1031199
V000270,Wework Singapore Pte Ltd,1.2812687999999999,103.850022
V000715,WhizWordz International Pte Ltd,1.2790497,103.8487259
V000324,Wildtype Media Group Pte Ltd,1.2967925999999999,103.786762
V000200,Wise Group Pte Ltd,1.3024158,103.8539626
V000208,Wizlink Consulting Pte Ltd,1.330109,103.744756
V000533,"Woodthorpe, Simon E",-33.7417649,151.1269847
V000511,Wooshii Limited,51.4989625,-0.09820949999999999
V000022,Work Edge Pte Ltd,1.3182064,103.8813235
V000228,World Courier Singapore Pte Ltd,1.352282,103.968409
V000222,World Patent and Trademark Register (Do Not Pay),49.2005356,16.6130801
V000281,"Wrike,Inc",40.0015623,-75.1327071
V000148,WS Advertising,1.3384104,103.9057895
V000210,WS Advertising Project Pte Ltd,1.3384104,103.9057895
V000249,Xentiq Partners Pte Ltd,1.3236949,103.6668792
V000510,XPAC Technologies Pte Ltd,1.2943236,103.6240624
V000690,Yeve Consultants Pte Ltd,1.3370592000000001,103.7595759
V000521,Yew Eng Hoe,1.3767387,103.9402988
V000005,Yoong Li Foong,35.7293345,139.751153
V000647,Young Joon Moon,37.5085453,126.8858927
V000389,Younite,1.352083,103.819836
V000390,Youprintit Pte Ltd,1.4343653,103.8024411
V000291,Yourway Transport,40.5946602,-75.6102608
V000088,Yuen Law LLC,1.287621,103.848188
V000149,Yusarn Audrey LLC,1.2838533,103.8519697
V000615,Zain & Co,3.1505984,101.6973539
V000150,Zenaco Co2 (S) Pte Ltd,1.3535019,103.757815
V000466,Zeno Communication Singapore Pte Ltd,1.2958614,103.8555479
V000538,Zeno Communication Singapore Pte Ltd,1.2958614,103.8555479
V000151,ZHE JIANG ZEDA LAW FIRM,35.86166,104.195397
V000599,Zhejiang kaiquda international freight agency Co. LTD,29.35004,120.0607
V000478,"ZheJiang Orient Gene Biotech Co., Ltd",35.86166,104.195397
V000334,Zoom Video Communications Inc,1.352083,103.819836
V000619,Zoom Visual Pte. Ltd.,1.3329431,103.8939977
V000201,Zuellig Pharma Pte. Ltd,1.3531697,103.9729581
